baby,boy,brother,child,clown,cook,dancer,family,father,girl,grandma,grandpa,juggler,king,man,mother,nurse,queen,sister,twin
centaur,cyclops,dragon,elf,fairy,mermaid,yeti
ankle,arm,chin,elbow,face,feet,foot,hair,hand,head,lip,mouth,nose,thigh,thumb,toe
ape,ant,bat,bear,bee,bug,camel,cat,centipede,collie,cow,cub,dog,dogs,donkey,elk,fly,fox,goat,kitten,mole,monkey,moth,mouse,paw,pet,pig,rabbit,ram,sheep,skunk,snail,tail,tiger,toad,wasp,whale,wolf,worms,zebra
beaver,clam,crab,fish,frog,gator,oyster,seal,shark
bird,canary,hen,jay,ostrich,owl,parrot,swan
bags,bed,blanket,box,brick,broom,bubble,cast,clarinet,clock,coin,cushion,fashion,flute,fork,fridge,fright,fringe,glass
key,light,mirror,money,music,net,oven,pan,pearl,pencil,plug,poison,pot,prize,quiz,saucepan,skis,soap,sofa,spoon,squares,string,toilet,tuba,wheel,zipper
ball,block,boat,car,crayon,doll,jeep,jet,present,puppet,slide,stilts,swing,toys,truck,unicycle,wagon,yoyo
axe,drill,hatchet,hoe,nail,rake,saw,tools
boots,clothes,dress,glove,hoodie,jacket,purse,ring,scarf,shirt,suit,tie,veil,wig
ambulance,boat,bug,bus,car,cars,dozer,go-kart,jeep,moped,plane,taxi,truck,van
apple,bread,burger,cake,candy,carrot,cone,cookies,corn,grapes,hotdog,lettuce,milk,nuts,pie,plum,pretzel,snack,tea
bridge,hill,house,park,school,volcano,zoo
air,fern,flag,grass,ice,leaf,moon,rain,rainbow,sky,snow,star,statue,straw,tree,wall,wind
balance,blew,burn,chew,chop,clean,cry,cut,dig,draw,drive,fall,fish,flew,float,fly,glue,hit,hug,juggle,jump,lick,look,love,paint,play,read,rescue,scold,see,sing,ski,skip,sleep,slip,smell,smile,spill,stand,stop,swim,throw,twinkle,wash,whisper,yawn,weigh
afraid,cloudy,dark,eight,five,high,hot,loud,naughty,old,quiet,rude,silly,six,sixteen,sleepy,slow,smart,stripes,twelve
black,blue,brown,gold,green,purple,red,silver,white,yellow
